{"cameraMode":{"drawMode":0,"name":"Shaded","section":"Shading Mode"},"sceneLighting":true,"audioPlay":false,"sceneViewState":{"showFog":true,"showMaterialUpdate":true,"showSkybox":true,"showFlares":true,"showImageEffects":true,"showParticleSystems":true},"in2DMode":false,"pivot":{"x":1.2200000286102296,"y":1.25,"z":-29.700000762939454},"rotation":{"x":-0.11935354769229889,"y":0.7912723422050476,"z":-0.16369649767875672,"w":-0.5769283771514893},"size":5.147014141082764,"orthographic":false}