{"cameraMode":{"drawMode":0,"name":"Shaded","section":"Shading Mode"},"sceneLighting":true,"audioPlay":false,"sceneViewState":{"showFog":true,"showMaterialUpdate":true,"showSkybox":true,"showFlares":true,"showImageEffects":true,"showParticleSystems":true},"in2DMode":false,"pivot":{"x":35.0443000793457,"y":10.936164855957032,"z":17.620086669921876},"rotation":{"x":-0.450067937374115,"y":-0.2278452068567276,"z":0.1199205070734024,"w":-0.8550800681114197},"size":25.499431610107423,"orthographic":false}