{"cameraMode":{"drawMode":0,"name":"Shaded","section":"Shading Mode"},"sceneLighting":false,"audioPlay":false,"sceneViewState":{"showFog":true,"showMaterialUpdate":true,"showSkybox":false,"showFlares":true,"showImageEffects":true,"showParticleSystems":true},"in2DMode":false,"pivot":{"x":-2.2886109352111818,"y":0.5336841344833374,"z":-10.502994537353516},"rotation":{"x":-0.369009405374527,"y":0.01588493399322033,"z":-0.006308539770543575,"w":-0.9292702674865723},"size":0.7026494145393372,"orthographic":false}