{"cameraMode":{"drawMode":0,"name":"Shaded","section":"Shading Mode"},"sceneLighting":false,"audioPlay":false,"sceneViewState":{"showFog":true,"showMaterialUpdate":true,"showSkybox":false,"showFlares":true,"showImageEffects":true,"showParticleSystems":true},"in2DMode":false,"pivot":{"x":-15.000007629394532,"y":0.8536812663078308,"z":-29.0},"rotation":{"x":-0.03243006765842438,"y":0.1839379519224167,"z":-0.006074497010558844,"w":-0.9823886752128601},"size":1.3519186973571778,"orthographic":false}