{"cameraMode":{"drawMode":0,"name":"Shaded","section":"Shading Mode"},"sceneLighting":true,"audioPlay":false,"sceneViewState":{"showFog":true,"showMaterialUpdate":true,"showSkybox":true,"showFlares":true,"showImageEffects":true,"showParticleSystems":true},"in2DMode":false,"pivot":{"x":41.33399200439453,"y":25.221843719482423,"z":70.2231674194336},"rotation":{"x":-0.01793704926967621,"y":0.08298394083976746,"z":-0.0014975917292758823,"w":-0.9963961243629456},"size":57.624717712402347,"orthographic":false}