{"cameraMode":{"drawMode":0,"name":"Shaded","section":"Shading Mode"},"sceneLighting":true,"audioPlay":false,"sceneViewState":{"showFog":true,"showMaterialUpdate":true,"showSkybox":true,"showFlares":true,"showImageEffects":true,"showParticleSystems":true},"in2DMode":false,"pivot":{"x":5.7215471267700199,"y":7.2600908279418949,"z":-2.915565013885498},"rotation":{"x":-0.08288797736167908,"y":0.8702964186668396,"z":-0.1570190191268921,"w":-0.4594137370586395},"size":6.463936805725098,"orthographic":false}