{"cameraMode":{"drawMode":0,"name":"Shaded","section":"Shading Mode"},"sceneLighting":false,"audioPlay":false,"sceneViewState":{"showFog":true,"showMaterialUpdate":true,"showSkybox":false,"showFlares":true,"showImageEffects":true,"showParticleSystems":true},"in2DMode":false,"pivot":{"x":0.12172579765319824,"y":0.3358745276927948,"z":0.3754488229751587},"rotation":{"x":0.2986886501312256,"y":-0.6110610365867615,"z":0.2674105763435364,"w":0.6825633645057678},"size":2.0089712142944338,"orthographic":false}