{"cameraMode":{"drawMode":0,"name":"Shaded","section":"Shading Mode"},"sceneLighting":false,"audioPlay":false,"sceneViewState":{"showFog":true,"showMaterialUpdate":true,"showSkybox":false,"showFlares":true,"showImageEffects":true,"showParticleSystems":true},"in2DMode":false,"pivot":{"x":0.09541916847229004,"y":1.0706433057785035,"z":-0.035087406635284427},"rotation":{"x":-0.03243006765842438,"y":0.1839379519224167,"z":-0.006074497010558844,"w":-0.9823886752128601},"size":1.6938592195510865,"orthographic":false}